{"train": {"loss": 0.0035716894393165908, "accuracy": 0.9895833333333334}, "eval": {"loss": 0.01470298133790493, "accuracy": 0.96}, "_timestamp": 1694767559.085669, "_runtime": 1.938612937927246, "_step": 19, "_wandb": {"runtime": 0}}