{"train": {"loss": 0.0014589430453876655, "accuracy": 1.0}, "eval": {"loss": 0.009521352127194405, "accuracy": 0.9583333333333334}, "_timestamp": 1694767503.3519907, "_runtime": 1.930424690246582, "_step": 19, "_wandb": {"runtime": 0}}