{"train_loss": 0.005568627268075943, "eval_loss": 0.022834088653326035, "accuracy": 0.9166666666666666, "_timestamp": 1694765839.6221044, "_runtime": 9.583512306213379, "_step": 9, "_wandb": {"runtime": 8}}