{"train": {"loss": 0.0035084212819735208, "accuracy": 0.9895833333333334}, "eval": {"loss": 0.013878577388823032, "accuracy": 0.92}, "_timestamp": 1694767582.6060863, "_runtime": 1.7681891918182373, "_step": 19, "_wandb": {"runtime": 0}}