{"train": {"loss": 0.003913184938331445, "accuracy": 0.9895833333333334}, "eval": {"loss": 0.016273217275738716, "accuracy": 0.96}, "_timestamp": 1694767590.2190814, "_runtime": 1.9523863792419434, "_step": 19, "_wandb": {"runtime": 0}}