{"train_loss": 0.0014512441121041775, "eval_loss": 0.00870528630912304, "accuracy": 1.0, "_timestamp": 1694766717.8761473, "_runtime": 3.2916672229766846, "_step": 19, "_wandb": {"runtime": 1}}