{"train_loss": 0.0016880643864472706, "eval_loss": 0.007704884745180607, "accuracy": 1.0, "_timestamp": 1694766676.2078397, "_runtime": 1.8846707344055176, "_step": 19, "_wandb": {"runtime": 0}}