{"train": {"loss": 0.001515911581615607, "accuracy": 1.0}, "eval": {"loss": 0.008776159025728703, "accuracy": 0.9583333333333334}, "_timestamp": 1694767465.563636, "_runtime": 3.1296300888061523, "_step": 19, "_wandb": {"runtime": 0}}