{"train_loss": 0.0018322219451268513, "eval_loss": 0.010205140337347984, "accuracy": 0.9166666666666666, "_timestamp": 1694766691.0523272, "_runtime": 1.804457187652588, "_step": 19, "_wandb": {"runtime": 0}}