{"train_loss": 0.006111080447832744, "eval_loss": 0.023443186655640602, "accuracy": 0.84, "_timestamp": 1694766180.970998, "_runtime": 7.99437403678894, "_step": 9, "_wandb": {"runtime": 7}}