{"train_loss": 0.006321705877780914, "eval_loss": 0.024171704426407814, "accuracy": 0.92, "_timestamp": 1694766250.7668562, "_runtime": 1.8999950885772705, "_step": 9, "_wandb": {"runtime": 0}}