{"train_loss": 0.003576798985401789, "eval_loss": 0.014436790719628334, "accuracy": 1.0, "_timestamp": 1694766488.0890262, "_runtime": 1.887336254119873, "_step": 19, "_wandb": {"runtime": 0}}