{"train_loss": 0.005475757643580437, "eval_loss": 0.02353227511048317, "accuracy": 0.9166666666666666, "_timestamp": 1694765999.6043746, "_runtime": 8.772602558135986, "_step": 9, "_wandb": {"runtime": 7}}