{"train_loss": 0.0036118042965730033, "eval_loss": 0.01337511371821165, "accuracy": 0.96, "_timestamp": 1694766480.5842547, "_runtime": 1.845261812210083, "_step": 19, "_wandb": {"runtime": 0}}