{"train_loss": 0.00337901059538126, "eval_loss": 0.014634649269282818, "accuracy": 0.96, "_timestamp": 1694766510.4865768, "_runtime": 1.8336408138275146, "_step": 19, "_wandb": {"runtime": 0}}