{"train_loss": 0.0013950748058656852, "eval_loss": 0.005757355131208897, "accuracy": 1.0, "_timestamp": 1694766708.26486, "_runtime": 2.1774299144744873, "_step": 19, "_wandb": {"runtime": 0}}