{"train": {"loss": 0.004133538653453191, "accuracy": 0.9895833333333334}, "eval": {"loss": 0.016914619132876396, "accuracy": 0.96}, "_timestamp": 1694767575.1663015, "_runtime": 1.8737244606018066, "_step": 19, "_wandb": {"runtime": 0}}