{"train_loss": 0.0015774678128461044, "eval_loss": 0.005739464890211821, "accuracy": 1.0, "_timestamp": 1694766667.7838376, "_runtime": 2.3033034801483154, "_step": 19, "_wandb": {"runtime": 0}}