{"train_loss": 0.0036828204368551574, "eval_loss": 0.015910083428025246, "accuracy": 0.96, "_timestamp": 1694766456.0224402, "_runtime": 1.8703861236572266, "_step": 19, "_wandb": {"runtime": 0}}