{"train_loss": 0.005435159429907799, "eval_loss": 0.02191964164376259, "accuracy": 0.9583333333333334, "_timestamp": 1694766046.7148015, "_runtime": 1.8630685806274414, "_step": 9, "_wandb": {"runtime": 0}}