{"train": {"loss": 0.0030898641174038253, "accuracy": 0.9791666666666666}, "eval": {"loss": 0.018219968304038048, "accuracy": 0.88}, "_timestamp": 1694767536.2357678, "_runtime": 1.8399007320404053, "_step": 19, "_wandb": {"runtime": 0}}