{"train_loss": 0.001980000641196966, "eval_loss": 0.008597553707659245, "accuracy": 0.9583333333333334, "_timestamp": 1694766650.3781118, "_runtime": 8.585878849029541, "_step": 19, "_wandb": {"runtime": 7}}