{"train_loss": 0.006218691046039264, "eval_loss": 0.024675874039530754, "accuracy": 0.8, "_timestamp": 1694766196.14551, "_runtime": 1.772002935409546, "_step": 9, "_wandb": {"runtime": 0}}