{"train_loss": 0.0033845783521731696, "eval_loss": 0.015368510968983173, "accuracy": 0.92, "_timestamp": 1694766448.5783215, "_runtime": 1.8100483417510986, "_step": 19, "_wandb": {"runtime": 0}}