{"train_loss": 0.005575745676954587, "eval_loss": 0.02311054617166519, "accuracy": 0.9166666666666666, "_timestamp": 1694765932.6872854, "_runtime": 6.126554489135742, "_step": 79, "_wandb": {"runtime": 5}}