{"train_loss": 0.005451560641328494, "eval_loss": 0.022704191505908966, "accuracy": 0.9166666666666666, "_timestamp": 1694765900.0392566, "_runtime": 7.7401206493377686, "_step": 9, "_wandb": {"runtime": 7}}