{"train_loss": 0.005301311612129211, "eval_loss": 0.021175680682063103, "accuracy": 0.9166666666666666, "_timestamp": 1694766021.824605, "_runtime": 1.8340330123901367, "_step": 9, "_wandb": {"runtime": 0}}