{"train_loss": 0.0031626947845021882, "eval_loss": 0.014096195809543133, "accuracy": 0.96, "_timestamp": 1694766503.015311, "_runtime": 1.817878007888794, "_step": 19, "_wandb": {"runtime": 0}}