{"train_loss": 0.003287969157099724, "eval_loss": 0.01462333183735609, "accuracy": 1.0, "_timestamp": 1694766463.5957305, "_runtime": 1.9653255939483643, "_step": 19, "_wandb": {"runtime": 0}}