{"train": {"loss": 0.001361238770186901, "accuracy": 1.0}, "eval": {"loss": 0.008792601525783539, "accuracy": 0.9166666666666666}, "_timestamp": 1694767473.0226536, "_runtime": 1.7606375217437744, "_step": 19, "_wandb": {"runtime": 0}}