{"train": {"loss": 0.003670675369600455, "accuracy": 0.9791666666666666}, "eval": {"loss": 0.01373087614774704, "accuracy": 0.96}, "_timestamp": 1694767528.7682781, "_runtime": 1.8765921592712402, "_step": 19, "_wandb": {"runtime": 0}}