{"train_loss": 0.005536479875445366, "eval_loss": 0.023673756048083305, "accuracy": 0.875, "_timestamp": 1694766006.7797055, "_runtime": 1.8552215099334717, "_step": 9, "_wandb": {"runtime": 0}}