{"train_loss": 0.006341228882471721, "eval_loss": 0.02511436492204666, "accuracy": 0.88, "_timestamp": 1694766235.6474414, "_runtime": 1.9171364307403564, "_step": 9, "_wandb": {"runtime": 0}}