{"train_loss": 0.006461650754014651, "eval_loss": 0.024548158049583435, "accuracy": 0.96, "_timestamp": 1694766205.3716724, "_runtime": 3.5796804428100586, "_step": 9, "_wandb": {"runtime": 0}}