{"train_loss": 0.00568088764945666, "eval_loss": 0.023688845336437225, "accuracy": 0.9166666666666666, "_timestamp": 1694766014.2201517, "_runtime": 1.7582635879516602, "_step": 9, "_wandb": {"runtime": 0}}