{"train_loss": 0.0035703713074326515, "eval_loss": 0.015675097703933716, "accuracy": 0.92, "_timestamp": 1694766471.0918162, "_runtime": 1.9500012397766113, "_step": 19, "_wandb": {"runtime": 0}}