{"train": {"loss": 0.00155628922705849, "accuracy": 1.0}, "eval": {"loss": 0.008519453927874565, "accuracy": 0.9583333333333334}, "_timestamp": 1694767480.5636678, "_runtime": 1.7630207538604736, "_step": 19, "_wandb": {"runtime": 0}}