{"train": {"loss": 0.0037165945395827293, "accuracy": 0.9895833333333334}, "eval": {"loss": 0.017581116408109665, "accuracy": 0.84}, "_timestamp": 1694767551.7753768, "_runtime": 2.23286771774292, "_step": 19, "_wandb": {"runtime": 0}}