{"train": {"loss": 0.0033455382411678634, "accuracy": 0.9895833333333334}, "eval": {"loss": 0.015253890305757523, "accuracy": 0.96}, "_timestamp": 1694767597.7667334, "_runtime": 1.8022644519805908, "_step": 19, "_wandb": {"runtime": 0}}