{"train_loss": 0.0061387425909439726, "eval_loss": 0.023418016731739044, "accuracy": 0.92, "_timestamp": 1694766228.1163507, "_runtime": 1.8090705871582031, "_step": 9, "_wandb": {"runtime": 0}}