{"train": {"loss": 0.001512163473914067, "accuracy": 1.0}, "eval": {"loss": 0.00905398279428482, "accuracy": 0.9583333333333334}, "_timestamp": 1694767495.8308778, "_runtime": 1.4656047821044922, "_step": 19, "_wandb": {"runtime": 0}}