{"train": {"loss": 0.001807253963003556, "accuracy": 1.0}, "eval": {"loss": 0.007725020870566368, "accuracy": 0.9583333333333334}, "_timestamp": 1694767488.379089, "_runtime": 1.9359362125396729, "_step": 19, "_wandb": {"runtime": 0}}