{"train_loss": 0.0016946160855392616, "eval_loss": 0.010366840288043022, "accuracy": 1.0, "_timestamp": 1694766700.442609, "_runtime": 3.583738088607788, "_step": 19, "_wandb": {"runtime": 0}}