{"train_loss": 0.006499160702029864, "eval_loss": 0.025459816679358482, "accuracy": 0.76, "_timestamp": 1694766212.8703043, "_runtime": 1.8229763507843018, "_step": 9, "_wandb": {"runtime": 0}}