{"train": {"loss": 0.003526700039704641, "accuracy": 0.96875}, "eval": {"loss": 0.014242900535464287, "accuracy": 0.96}, "_timestamp": 1694767543.9439895, "_runtime": 1.8374905586242676, "_step": 19, "_wandb": {"runtime": 0}}