{"train_loss": 0.00635121576488018, "eval_loss": 0.024574801325798035, "accuracy": 0.8, "_timestamp": 1694766243.1724877, "_runtime": 1.8914618492126465, "_step": 9, "_wandb": {"runtime": 0}}