{"train_loss": 0.0013217927577594917, "eval_loss": 0.008299408480525017, "accuracy": 0.9166666666666666, "_timestamp": 1694766726.4659963, "_runtime": 2.045276165008545, "_step": 19, "_wandb": {"runtime": 0}}