{"train_loss": 0.0053205012033383054, "eval_loss": 0.02219785749912262, "accuracy": 0.9583333333333334, "_timestamp": 1694766055.4093418, "_runtime": 2.908498764038086, "_step": 9, "_wandb": {"runtime": 0}}