{"train_loss": 0.0054125916212797165, "eval_loss": 0.02315484546124935, "accuracy": 0.9166666666666666, "_timestamp": 1694766039.2104392, "_runtime": 1.8957862854003906, "_step": 9, "_wandb": {"runtime": 0}}