{"train_loss": 0.006236665571729342, "eval_loss": 0.025299066677689552, "accuracy": 0.84, "_timestamp": 1694766220.5711584, "_runtime": 1.9715864658355713, "_step": 9, "_wandb": {"runtime": 0}}