{"train_loss": 0.0034804074093699455, "eval_loss": 0.013850799761712551, "accuracy": 1.0, "_timestamp": 1694766495.5675519, "_runtime": 1.8637869358062744, "_step": 19, "_wandb": {"runtime": 0}}