{"train_loss": 0.0062766602883736295, "eval_loss": 0.024189259856939316, "accuracy": 0.92, "_timestamp": 1694766188.674173, "_runtime": 1.771928071975708, "_step": 9, "_wandb": {"runtime": 0}}