{"train_loss": 0.00144919753074646, "eval_loss": 0.00816921703517437, "accuracy": 0.9166666666666666, "_timestamp": 1694766659.7866828, "_runtime": 1.9315507411956787, "_step": 19, "_wandb": {"runtime": 0}}