{"train_loss": 0.0018214141018688679, "eval_loss": 0.006394197698682547, "accuracy": 1.0, "_timestamp": 1694766683.8988633, "_runtime": 2.1012063026428223, "_step": 19, "_wandb": {"runtime": 0}}