{"train_loss": 0.005248385791977246, "eval_loss": 0.021693170070648193, "accuracy": 0.9166666666666666, "_timestamp": 1694766031.5551558, "_runtime": 1.848738670349121, "_step": 9, "_wandb": {"runtime": 0}}