{"train_loss": 0.0036121001467108727, "eval_loss": 0.016176359727978706, "accuracy": 0.92, "_timestamp": 1694766441.0555162, "_runtime": 8.204355239868164, "_step": 19, "_wandb": {"runtime": 7}}