{"train": {"loss": 0.0016475628751019638, "accuracy": 1.0}, "eval": {"loss": 0.005743918940424919, "accuracy": 1.0}, "_timestamp": 1694767456.8481042, "_runtime": 1.7905073165893555, "_step": 19, "_wandb": {"runtime": 0}}